id,first_name,last_name,email,gender,ip_address
1,Bernadette,Perrottet,bperrottet0@weebly.com,Female,200.160.186.251
2,Rosalind,Tembey,rtembey1@blog.com,Female,92.84.225.239
3,Sorcha,Moody,smoody2@patch.com,Female,38.75.186.54
4,Lynette,Jennings,ljennings3@fastcompany.com,Female,0.203.110.2
5,Abby,Edgerly,aedgerly4@thetimes.co.uk,Female,52.114.185.229
6,Jazmin,Clotworthy,jclotworthy5@dell.com,Female,137.52.235.156
7,Alane,Midghall,amidghall6@stumbleupon.com,Female,153.1.221.241
8,Roberto,Ronisch,rronisch7@icio.us,Male,59.45.237.214
9,Matty,Kmietsch,mkmietsch8@spiegel.de,Male,219.89.114.229
10,Gena,Schwieso,gschwieso9@marketwatch.com,Female,240.32.67.43
11,Candra,Maraga,cmaragaa@hatena.ne.jp,Female,11.156.130.186
12,Silvanus,Sirette,ssiretteb@utexas.edu,Male,143.19.49.100
13,Reagan,Cayser,rcayserc@comsenz.com,Male,210.4.117.56
14,Tabbie,Sterricks,tsterricksd@mac.com,Male,30.168.130.158
15,Merrie,Sanzio,msanzioe@list-manage.com,Female,1.77.88.197
16,Tersina,Cullity,tcullityf@furl.net,Female,195.12.69.206
17,Olivier,Game,ogameg@mayoclinic.com,Male,51.63.37.69
18,Thomas,Stearn,tstearnh@icq.com,Male,193.253.22.160
19,Mercedes,Boggis,mboggisi@addthis.com,Female,35.206.253.163
20,Dee,Cheevers,dcheeversj@upenn.edu,Female,110.20.160.49
21,Tiena,Topaz,ttopazk@narod.ru,Female,217.191.189.213
22,Sascha,Vallentine,svallentinel@forbes.com,Male,199.3.93.227
23,Kelli,Lidgely,klidgelym@admin.ch,Female,45.3.36.177
24,Doro,Smurfit,dsmurfitn@flickr.com,Female,157.240.176.80
25,Cleavland,McNutt,cmcnutto@xinhuanet.com,Male,179.112.124.2
26,Renee,Douche,rdouchep@miitbeian.gov.cn,Female,91.160.130.17
27,Katee,Rivilis,krivilisq@utexas.edu,Female,143.50.40.151
28,Myrle,Pillinger,mpillingerr@home.pl,Female,97.178.100.198
29,Jo ann,Yukhin,jyukhins@themeforest.net,Female,244.158.21.69
30,Maryann,Veale,mvealet@privacy.gov.au,Female,210.227.199.134
31,Jacklyn,Troak,jtroaku@csmonitor.com,Female,35.98.219.5
32,Tome,Smallthwaite,tsmallthwaitev@tinyurl.com,Male,248.207.93.235
33,Carlin,Talby,ctalbyw@jiathis.com,Male,252.221.65.104
34,Janey,Liddall,jliddallx@cam.ac.uk,Female,1.58.143.182
35,Jaynell,Blasio,jblasioy@google.co.jp,Female,192.189.249.178
36,Bailie,Carter,bcarterz@myspace.com,Male,56.177.229.220
37,Modestia,Jerrold,mjerrold10@cbslocal.com,Female,216.33.165.195
38,Libbey,Macci,lmacci11@marriott.com,Female,224.71.107.101
39,Starr,Morstatt,smorstatt12@51.la,Female,198.182.84.215
40,Frasco,Vasilyevski,fvasilyevski13@nyu.edu,Male,139.92.15.136
41,Raphael,Sukbhans,rsukbhans14@omniture.com,Male,242.218.127.11
42,Lynnette,Shurlock,lshurlock15@t-online.de,Female,199.95.147.174
43,Mortimer,Cockling,mcockling16@craigslist.org,Male,127.143.47.65
44,Marita,Brunel,mbrunel17@dion.ne.jp,Female,92.213.229.25
45,Jenelle,Malec,jmalec18@ameblo.jp,Female,44.182.136.204
46,Maisie,Leimster,mleimster19@globo.com,Female,242.127.186.213
47,Burch,Buckham,bbuckham1a@mozilla.com,Male,190.85.39.158
48,Leupold,Dring,ldring1b@feedburner.com,Male,15.158.239.197
49,Joanie,Sneden,jsneden1c@senate.gov,Female,127.7.55.27
50,Dore,Liston,dliston1d@tinyurl.com,Male,77.144.25.117
51,Judye,McGeagh,jmcgeagh1e@telegraph.co.uk,Female,135.122.106.199
52,Olivero,Bragg,obragg1f@livejournal.com,Male,172.148.102.0
53,Gilda,Thrower,gthrower1g@home.pl,Female,205.233.203.174
54,Drud,Shevlin,dshevlin1h@tumblr.com,Male,36.231.138.144
55,Ellie,Lerwell,elerwell1i@google.fr,Female,115.20.106.134
56,Hadleigh,Walewicz,hwalewicz1j@cbc.ca,Male,58.194.48.61
57,Vivianne,Ruegg,vruegg1k@usda.gov,Female,4.91.80.204
58,Kimbell,Darracott,kdarracott1l@virginia.edu,Male,46.58.118.198
59,Russ,Ravenshear,rravenshear1m@ning.com,Male,47.205.118.138
60,Murvyn,Normavell,mnormavell1n@hc360.com,Male,160.89.3.8
61,Bianka,Eyden,beyden1o@mlb.com,Female,243.52.178.179
62,Tucky,Yitzhakof,tyitzhakof1p@angelfire.com,Male,170.115.128.240
63,Kettie,Cresser,kcresser1q@google.nl,Female,249.68.181.70
64,Michaella,Millen,mmillen1r@networksolutions.com,Female,188.103.215.243
65,Ennis,Abramov,eabramov1s@oracle.com,Male,253.88.4.172
66,Gerhard,Huygens,ghuygens1t@e-recht24.de,Male,136.141.20.154
67,Fons,Ellsom,fellsom1u@usatoday.com,Male,167.78.56.113
68,Kerk,Aberdein,kaberdein1v@msn.com,Male,104.57.71.185
69,Opaline,Heckner,oheckner1w@yelp.com,Female,46.172.247.249
70,Chev,Bickersteth,cbickersteth1x@rambler.ru,Male,105.185.208.8
71,Natassia,Hevey,nhevey1y@techcrunch.com,Female,242.225.144.211
72,Susanna,Obern,sobern1z@chronoengine.com,Female,4.124.153.106
73,Adolf,Sheldon,asheldon20@hp.com,Male,122.234.58.21
74,Dasi,Antonioni,dantonioni21@over-blog.com,Female,247.189.122.183
75,Lee,Waywell,lwaywell22@umich.edu,Female,200.99.103.251
76,Robenia,Schustl,rschustl23@nydailynews.com,Female,90.73.221.135
77,Gallagher,Baughen,gbaughen24@mlb.com,Male,48.90.155.7
78,Siward,Naptin,snaptin25@opensource.org,Male,137.136.5.206
79,Matty,Coldbreath,mcoldbreath26@woothemes.com,Male,2.222.120.217
80,Gearard,Barrington,gbarrington27@deliciousdays.com,Male,32.80.236.236
81,Gottfried,Ketley,gketley28@skyrock.com,Male,195.55.208.211
82,Leela,Kornousek,lkornousek29@mapquest.com,Female,251.250.176.14
83,Pippo,Robotham,probotham2a@twitter.com,Male,177.11.228.65
84,Julie,Hendonson,jhendonson2b@wikispaces.com,Female,25.45.208.139
85,Phoebe,Basson,pbasson2c@example.com,Female,174.108.112.59
86,Veradis,Ohlsen,vohlsen2d@house.gov,Female,229.75.216.235
87,Aldus,Siflet,asiflet2e@omniture.com,Male,107.7.201.98
88,Meagan,Cunio,mcunio2f@cnbc.com,Female,161.242.98.2
89,Everard,Preskett,epreskett2g@phoca.cz,Male,237.45.21.146
90,Parry,Humpage,phumpage2h@t.co,Male,186.205.67.100
91,Bernadette,Buntain,bbuntain2i@marriott.com,Female,154.190.106.192
92,Care,Foystone,cfoystone2j@statcounter.com,Male,73.20.79.89
93,Garvin,Semonin,gsemonin2k@cornell.edu,Male,235.19.227.238
94,Nicholas,Vaux,nvaux2l@zimbio.com,Male,7.77.132.211
95,Nanice,Heardman,nheardman2m@soundcloud.com,Female,1.232.174.86
96,Ingrim,Tollett,itollett2n@about.me,Male,240.218.247.110
97,Gordan,Mather,gmather2o@washingtonpost.com,Male,180.235.212.45
98,Kienan,Frichley,kfrichley2p@washingtonpost.com,Male,116.219.114.79
99,Sibyl,Gorelli,sgorelli2q@unblog.fr,Male,82.63.85.223
100,Ainslee,Saing,asaing2r@theatlantic.com,Female,110.73.44.125
101,Aluin,Brearley,abrearley2s@yahoo.co.jp,Male,111.206.66.223
102,Barnabas,Gino,bgino2t@sbwire.com,Male,218.113.149.190
103,Salome,Cud,scud2u@drupal.org,Female,74.170.92.74
104,Kelli,Chomley,kchomley2v@netscape.com,Female,102.186.205.189
105,Quincey,Ingraham,qingraham2w@google.com.br,Male,236.162.95.63
106,Opaline,Dewitt,odewitt2x@nps.gov,Female,233.51.126.110
107,Hinda,Maskelyne,hmaskelyne2y@tiny.cc,Female,181.153.228.18
108,Tamma,Hanse,thanse2z@unc.edu,Female,183.151.254.18
109,Kerr,Cornborough,kcornborough30@cloudflare.com,Male,216.127.254.13
110,Gonzales,Casazza,gcasazza31@pinterest.com,Male,43.67.173.80
111,Tabatha,Erickson,terickson32@independent.co.uk,Female,174.147.197.108
112,Sydel,Rutherford,srutherford33@prlog.org,Female,60.242.112.85
113,Daryl,Walklott,dwalklott34@unblog.fr,Female,101.68.166.201
114,Candra,Schrader,cschrader35@so-net.ne.jp,Female,210.171.30.220
115,Kennedy,Epinay,kepinay36@washington.edu,Male,202.81.233.6
116,Flo,Frisdick,ffrisdick37@multiply.com,Female,120.177.120.10
117,Margaux,Wilkison,mwilkison38@nymag.com,Female,18.29.143.50
118,Sasha,Glanton,sglanton39@plala.or.jp,Male,171.101.4.20
119,Iain,Fyndon,ifyndon3a@hp.com,Male,229.155.15.186
120,Natala,Abrahim,nabrahim3b@wix.com,Female,28.241.31.255
121,Son,Haffner,shaffner3c@wordpress.org,Male,247.11.223.145
122,Elvin,Bucknill,ebucknill3d@theatlantic.com,Male,148.84.234.36
123,Tris,Spenley,tspenley3e@miitbeian.gov.cn,Male,131.228.207.61
124,Kane,Toffanelli,ktoffanelli3f@joomla.org,Male,62.121.101.223
125,Syman,Brabender,sbrabender3g@about.com,Male,204.201.19.75
126,Ruggiero,Mattiassi,rmattiassi3h@nytimes.com,Male,11.164.211.97
127,Stefano,Grimston,sgrimston3i@vimeo.com,Male,198.201.125.131
128,Graig,Chritchlow,gchritchlow3j@angelfire.com,Male,252.69.191.211
129,Gretna,Rapo,grapo3k@census.gov,Female,87.47.59.194
130,Ruthanne,Worg,rworg3l@weibo.com,Female,167.38.42.168
131,Velvet,Habden,vhabden3m@ucoz.com,Female,101.204.221.249
132,Jobie,Gissing,jgissing3n@discovery.com,Female,183.39.37.203
133,Celene,Canniffe,ccanniffe3o@odnoklassniki.ru,Female,173.209.249.151
134,Luci,Soutter,lsoutter3p@indiegogo.com,Female,118.76.80.184
135,Kenyon,Willars,kwillars3q@ed.gov,Male,109.18.105.199
136,Madella,Benech,mbenech3r@google.com.br,Female,49.177.3.188
137,Langsdon,Dulton,ldulton3s@ustream.tv,Male,186.0.159.99
138,Winfield,Batiste,wbatiste3t@e-recht24.de,Male,211.227.137.82
139,Augie,Listone,alistone3u@squarespace.com,Male,189.106.15.93
140,Elliott,Spreull,espreull3v@wordpress.org,Male,56.9.181.140
141,Galvan,Batty,gbatty3w@msu.edu,Male,245.202.126.126
142,Leif,Allright,lallright3x@shinystat.com,Male,10.191.187.91
143,Gawen,Bachanski,gbachanski3y@vkontakte.ru,Male,180.104.223.196
144,Frasquito,Henryson,fhenryson3z@phpbb.com,Male,113.62.78.223
145,Lilian,MacLoughlin,lmacloughlin40@tripadvisor.com,Female,78.30.210.138
146,Bamby,Caldera,bcaldera41@addthis.com,Female,1.245.38.188
147,Chevy,Assante,cassante42@edublogs.org,Male,220.28.117.124
148,Pippa,Mintoff,pmintoff43@china.com.cn,Female,106.9.64.247
149,Ailis,Gellan,agellan44@wix.com,Female,36.180.90.207
150,Bevvy,Gyrgorcewicx,bgyrgorcewicx45@sfgate.com,Female,247.178.3.148
151,Rosalyn,Garbott,rgarbott46@smugmug.com,Female,5.233.32.255
152,Westley,Rummin,wrummin47@ft.com,Male,154.212.113.170
153,Earle,Beard,ebeard48@indiatimes.com,Male,25.94.17.141
154,Gwenni,Mordie,gmordie49@prweb.com,Female,196.167.211.128
155,Kelcy,Francescuzzi,kfrancescuzzi4a@wikimedia.org,Female,49.200.14.237
156,Cecilio,Wilkins,cwilkins4b@amazon.com,Male,163.12.144.200
157,Farris,Keilloh,fkeilloh4c@msn.com,Male,129.62.51.172
158,Gracia,Keneforde,gkeneforde4d@typepad.com,Female,197.118.139.194
159,Isaak,Procter,iprocter4e@exblog.jp,Male,146.233.13.206
160,Stafford,Gravestone,sgravestone4f@ifeng.com,Male,207.58.125.155
161,Kathe,Boays,kboays4g@stumbleupon.com,Female,154.248.57.38
162,Aeriela,Gianullo,agianullo4h@dedecms.com,Female,158.65.158.136
163,Marcellina,Muspratt,mmuspratt4i@liveinternet.ru,Female,65.232.57.31
164,Gustavus,Troy,gtroy4j@surveymonkey.com,Male,181.187.8.127
165,Burch,Flowerdew,bflowerdew4k@fema.gov,Male,98.77.189.64
166,Lauretta,Plows,lplows4l@census.gov,Female,31.210.90.50
167,Sydel,Hurdman,shurdman4m@forbes.com,Female,132.226.133.45
168,Arch,Bony,abony4n@twitter.com,Male,172.116.148.50
169,Devlen,Fisbburne,dfisbburne4o@123-reg.co.uk,Male,183.116.73.170
170,Shelli,Pellew,spellew4p@cbc.ca,Female,84.192.133.173
171,Zackariah,Snel,zsnel4q@ehow.com,Male,173.91.9.207
172,Skye,Johnston,sjohnston4r@msu.edu,Male,203.97.7.141
173,Giacomo,McTrustram,gmctrustram4s@unicef.org,Male,160.209.96.15
174,Lewiss,Grouer,lgrouer4t@tumblr.com,Male,53.250.122.121
175,Heriberto,Attree,hattree4u@yandex.ru,Male,78.165.76.241
176,Micah,Petschelt,mpetschelt4v@ca.gov,Male,209.252.143.155
177,Benson,Bovaird,bbovaird4w@com.com,Male,171.203.123.123
178,Berget,Sagg,bsagg4x@ezinearticles.com,Female,116.142.227.35
179,Janos,Cockshtt,jcockshtt4y@mysql.com,Male,190.34.127.58
180,Osborn,Fiddeman,ofiddeman4z@mac.com,Male,18.220.241.119
181,Beatrice,Purkins,bpurkins50@jalbum.net,Female,203.36.29.252
182,Chickie,Hardy,chardy51@photobucket.com,Female,246.98.233.214
183,Flore,Abrey,fabrey52@earthlink.net,Female,143.35.181.197
184,Joete,Martijn,jmartijn53@geocities.com,Female,210.168.203.167
185,Pepi,Dudny,pdudny54@chicagotribune.com,Female,253.17.192.42
186,Jillene,Swanbourne,jswanbourne55@yahoo.com,Female,174.216.212.93
187,Blake,Spritt,bspritt56@geocities.com,Male,107.43.101.207
188,Vivyan,McCleod,vmccleod57@e-recht24.de,Female,130.173.194.226
189,Hermie,Emptage,hemptage58@senate.gov,Male,51.113.134.206
190,Ariadne,Berthome,aberthome59@nymag.com,Female,93.31.59.151
191,Ellie,Puckey,epuckey5a@dailymail.co.uk,Female,147.62.93.83
192,Hartwell,Storkes,hstorkes5b@free.fr,Male,32.38.125.102
193,Fulvia,Westgate,fwestgate5c@ftc.gov,Female,6.125.46.246
194,Sibby,Loveard,sloveard5d@bravesites.com,Female,226.149.225.169
195,Murdoch,Pretsell,mpretsell5e@odnoklassniki.ru,Male,155.250.36.93
196,Tanny,Purton,tpurton5f@unesco.org,Male,103.199.239.143
197,Dalt,Guillart,dguillart5g@pcworld.com,Male,144.75.164.95
198,Wendye,Guiot,wguiot5h@ucla.edu,Female,66.99.15.217
199,Tricia,Siddall,tsiddall5i@dion.ne.jp,Female,135.87.90.115
200,Brady,Huddlestone,bhuddlestone5j@ameblo.jp,Male,100.170.108.44
201,Hattie,Sherrington,hsherrington5k@tmall.com,Female,221.135.253.119
202,Tiphani,Edge,tedge5l@google.cn,Female,202.197.172.77
203,Vasilis,Carp,vcarp5m@furl.net,Male,188.124.209.120
204,Sianna,Kibbye,skibbye5n@mit.edu,Female,128.207.32.22
205,Raffaello,Parkman,rparkman5o@istockphoto.com,Male,3.148.226.52
206,Germaine,Dimmock,gdimmock5p@omniture.com,Male,147.189.126.102
207,Alexei,McQuin,amcquin5q@php.net,Male,162.64.222.99
208,Evered,Esherwood,eesherwood5r@oaic.gov.au,Male,49.220.70.118
209,Vittorio,Gopsill,vgopsill5s@prlog.org,Male,35.191.184.80
210,Tabatha,Antley,tantley5t@mapy.cz,Female,243.249.100.19
211,Paola,Mosen,pmosen5u@sciencedirect.com,Female,75.29.95.58
212,Filberte,Robers,frobers5v@omniture.com,Male,247.6.20.128
213,Dannye,Spratt,dspratt5w@google.es,Female,246.44.235.179
214,Kenny,Thurnham,kthurnham5x@icq.com,Male,31.72.132.192
215,Jayme,Muncaster,jmuncaster5y@pagesperso-orange.fr,Male,4.75.101.31
216,Tamarah,Fullun,tfullun5z@unblog.fr,Female,77.225.48.170
217,Willie,Feasby,wfeasby60@mysql.com,Male,41.49.114.126
218,Meredithe,Bellson,mbellson61@flickr.com,Female,20.14.117.139
219,Tanner,Sandels,tsandels62@freewebs.com,Male,125.216.186.207
220,Felizio,Rippen,frippen63@psu.edu,Male,37.235.154.186
221,Cy,Skydall,cskydall64@time.com,Male,92.48.28.178
222,Pam,Mingo,pmingo65@deviantart.com,Female,176.0.114.69
223,Paulina,Haugh,phaugh66@goodreads.com,Female,69.31.179.20
224,Theo,Garvagh,tgarvagh67@epa.gov,Male,120.17.214.157
225,Renaldo,Gasticke,rgasticke68@de.vu,Male,146.92.246.159
226,Oneida,Goby,ogoby69@ucsd.edu,Female,100.59.251.4
227,Xymenes,Dodswell,xdodswell6a@tinypic.com,Male,73.129.67.157
228,Olly,Langeley,olangeley6b@sogou.com,Male,37.22.177.111
229,Hamil,Brandreth,hbrandreth6c@seesaa.net,Male,153.115.31.190
230,Yurik,Neal,yneal6d@woothemes.com,Male,52.64.25.168
231,Gordy,Squelch,gsquelch6e@behance.net,Male,46.255.177.156
232,Sergent,Say,ssay6f@uol.com.br,Male,240.206.207.66
233,Carver,Bingley,cbingley6g@ox.ac.uk,Male,13.92.157.192
234,Guido,Gapper,ggapper6h@wordpress.org,Male,73.54.115.126
235,Ambrose,Trelevan,atrelevan6i@github.io,Male,188.80.209.180
236,Donall,Dallander,ddallander6j@elpais.com,Male,20.117.136.183
237,Jan,Fuzzens,jfuzzens6k@ycombinator.com,Female,84.37.188.51
238,Margaretha,Bembrick,mbembrick6l@mtv.com,Female,29.75.160.224
239,Ezri,Willingham,ewillingham6m@mysql.com,Male,162.137.66.60
240,Clair,Roberti,croberti6n@adobe.com,Male,166.153.37.98
241,Sheeree,Matej,smatej6o@weibo.com,Female,16.149.134.200
242,Clerkclaude,Tilte,ctilte6p@rakuten.co.jp,Male,61.33.135.155
243,Marieann,Philippet,mphilippet6q@technorati.com,Female,5.106.21.224
244,Jaime,Jullian,jjullian6r@about.me,Male,173.137.160.129
245,Derby,Triplow,dtriplow6s@de.vu,Male,70.175.89.155
246,Timothea,O'Moylan,tomoylan6t@dedecms.com,Female,133.217.241.242
247,Adina,Tregiddo,atregiddo6u@fotki.com,Female,134.250.255.191
248,Merla,Viles,mviles6v@miibeian.gov.cn,Female,68.169.153.156
249,Rollie,Brisse,rbrisse6w@infoseek.co.jp,Male,159.185.220.28
250,Cecilio,Livesey,clivesey6x@trellian.com,Male,7.119.49.253
251,Alfredo,Foote,afoote6y@cnn.com,Male,243.142.67.71
252,Richart,Meaddowcroft,rmeaddowcroft6z@google.ru,Male,32.144.129.50
253,Theodosia,Disdel,tdisdel70@mlb.com,Female,188.4.129.35
254,Alphonse,Bosward,abosward71@ucoz.com,Male,107.16.212.44
255,Matthias,Busch,mbusch72@merriam-webster.com,Male,115.27.10.188
256,Skyler,Bromilow,sbromilow73@irs.gov,Male,119.49.205.104
257,Brenn,Fenimore,bfenimore74@wikia.com,Female,154.21.38.109
258,Clifford,Mullin,cmullin75@indiegogo.com,Male,246.178.94.204
259,Kevin,Shearston,kshearston76@tuttocitta.it,Male,199.236.187.143
260,Richard,Tremathack,rtremathack77@google.co.uk,Male,227.85.192.114
261,Rafa,Titchener,rtitchener78@hhs.gov,Female,172.14.33.104
262,Franny,Mcettrick,fmcettrick79@pinterest.com,Male,248.248.104.244
263,Malory,Harrold,mharrold7a@craigslist.org,Female,255.42.179.93
264,Wilfrid,Hoonahan,whoonahan7b@google.cn,Male,117.246.3.190
265,Fairfax,Marcam,fmarcam7c@usnews.com,Male,191.129.84.247
266,Lorelle,Springtorpe,lspringtorpe7d@surveymonkey.com,Female,124.48.98.157
267,Mozelle,Humm,mhumm7e@smugmug.com,Female,109.183.102.207
268,Olga,Kach,okach7f@dailymail.co.uk,Female,83.171.241.58
269,Joey,Ferne,jferne7g@purevolume.com,Female,50.37.161.63
270,Gunner,Pharaoh,gpharaoh7h@netvibes.com,Male,100.54.183.53
271,Christoper,Stockwell,cstockwell7i@noaa.gov,Male,212.35.8.122
272,Abrahan,Imms,aimms7j@example.com,Male,24.98.79.186
273,Gustavo,Bugdell,gbugdell7k@wired.com,Male,180.167.117.179
274,Wilfred,Fourman,wfourman7l@netscape.com,Male,54.30.122.70
275,Raynell,Mewitt,rmewitt7m@google.es,Female,212.96.24.25
276,Melanie,Milthorpe,mmilthorpe7n@arstechnica.com,Female,220.171.153.1
277,Abby,Roskrug,aroskrug7o@msu.edu,Male,243.46.42.145
278,Jeanie,Nangle,jnangle7p@about.com,Female,163.6.12.177
279,Eleen,Red,ered7q@stumbleupon.com,Female,125.153.74.164
280,Vevay,Beeswing,vbeeswing7r@ebay.com,Female,145.231.70.124
281,Brenn,Buckby,bbuckby7s@so-net.ne.jp,Female,149.149.67.75
282,Land,Gary,lgary7t@posterous.com,Male,247.196.124.9
283,Benson,Jansson,bjansson7u@senate.gov,Male,92.183.223.187
284,Marlin,Adolthine,madolthine7v@free.fr,Male,208.199.207.97
285,Deck,Drever,ddrever7w@yahoo.com,Male,64.33.142.175
286,Sheelah,Pollok,spollok7x@washingtonpost.com,Female,15.128.56.122
287,Meggie,Minithorpe,mminithorpe7y@people.com.cn,Female,4.10.70.177
288,Kari,Cowgill,kcowgill7z@netlog.com,Female,140.64.21.39
289,Broddie,Heers,bheers80@istockphoto.com,Male,190.4.167.183
290,Lorena,Mongenot,lmongenot81@pcworld.com,Female,228.255.103.174
291,Morey,Wraith,mwraith82@yale.edu,Male,169.62.81.181
292,Tailor,Kiggel,tkiggel83@mac.com,Male,53.104.35.188
293,Hope,Cornuau,hcornuau84@cmu.edu,Female,87.130.227.51
294,Roman,Bentz,rbentz85@wired.com,Male,252.203.23.199
295,Jamey,Cordey,jcordey86@goo.ne.jp,Male,216.239.253.57
296,Ignace,Piotr,ipiotr87@fc2.com,Male,245.38.27.136
297,Salvidor,Yendle,syendle88@smugmug.com,Male,240.240.55.190
298,Alaster,Dessant,adessant89@umich.edu,Male,58.156.117.139
299,Claus,Taree,ctaree8a@npr.org,Male,160.156.168.32
300,Findlay,Stegell,fstegell8b@ehow.com,Male,173.175.184.142
301,Marya,Paniman,mpaniman8c@hao123.com,Female,110.27.170.217
302,Wesley,Chopy,wchopy8d@fc2.com,Male,111.6.61.182
303,Duff,Vaughton,dvaughton8e@vistaprint.com,Male,134.11.117.39
304,Verine,Severs,vsevers8f@oaic.gov.au,Female,21.26.180.116
305,Pinchas,Totterdell,ptotterdell8g@about.me,Male,30.81.39.131
306,Inge,Ianetti,iianetti8h@prweb.com,Female,109.196.22.35
307,Ulrike,Rumens,urumens8i@edublogs.org,Female,202.233.246.187
308,Florenza,Twallin,ftwallin8j@smh.com.au,Female,0.100.211.73
309,Adolphe,Ruckhard,aruckhard8k@deliciousdays.com,Male,181.45.9.249
310,Cherianne,Morrish,cmorrish8l@army.mil,Female,99.235.183.116
311,Calida,Poyser,cpoyser8m@gmpg.org,Female,82.148.163.81
312,Kippie,Liddiard,kliddiard8n@cpanel.net,Female,2.61.237.66
313,Vanna,Adriaens,vadriaens8o@blogtalkradio.com,Female,134.14.156.132
314,Liza,Lerway,llerway8p@ehow.com,Female,165.20.207.101
315,Rutledge,Masham,rmasham8q@comcast.net,Male,230.228.50.111
316,Peria,Cromie,pcromie8r@nydailynews.com,Female,181.232.191.255
317,Denyse,Poser,dposer8s@pinterest.com,Female,117.195.32.253
318,Dorena,Iozefovich,diozefovich8t@soup.io,Female,29.75.120.204
319,Travus,Melonby,tmelonby8u@irs.gov,Male,29.104.41.25
320,Jessamine,MacLice,jmaclice8v@google.ca,Female,233.93.171.213
321,Janie,Pitney,jpitney8w@xinhuanet.com,Female,118.247.123.201
322,Tabbi,Ikin,tikin8x@telegraph.co.uk,Female,220.97.202.237
323,Wallie,Kingscott,wkingscott8y@cisco.com,Male,235.213.137.135
324,Cristen,Woodland,cwoodland8z@live.com,Female,49.244.9.49
325,Bobbee,Kindell,bkindell90@npr.org,Female,149.96.3.26
326,Mark,Margiotta,mmargiotta91@discovery.com,Male,72.144.10.246
327,Estel,Slemmonds,eslemmonds92@ehow.com,Female,100.19.49.193
328,Staci,Roughsedge,sroughsedge93@ucoz.com,Female,40.3.118.202
329,Zebulen,Binning,zbinning94@discovery.com,Male,63.101.173.214
330,Ingrim,Gearing,igearing95@accuweather.com,Male,89.59.146.76
331,Rose,Danbury,rdanbury96@etsy.com,Female,104.215.168.216
332,Marion,Shimman,mshimman97@dailymail.co.uk,Male,8.88.21.179
333,Thorn,Meneo,tmeneo98@yolasite.com,Male,238.70.126.6
334,Yul,Meale,ymeale99@gravatar.com,Male,35.76.116.226
335,Yolande,Bottle,ybottle9a@ovh.net,Female,5.139.154.155
336,Ben,Elsegood,belsegood9b@arstechnica.com,Male,70.62.250.22
337,Susie,Parfitt,sparfitt9c@usatoday.com,Female,225.98.192.237
338,Terri,Younge,tyounge9d@biglobe.ne.jp,Female,251.148.48.55
339,Ivie,Handford,ihandford9e@harvard.edu,Female,221.43.139.124
340,Jandy,Di Biagi,jdibiagi9f@psu.edu,Female,100.34.188.196
341,Aubrette,Petyt,apetyt9g@tiny.cc,Female,231.170.223.45
342,Hanson,Jillard,hjillard9h@bandcamp.com,Male,16.223.31.224
343,Bibbie,Bortol,bbortol9i@mlb.com,Female,151.195.6.122
344,Drona,Langfitt,dlangfitt9j@clickbank.net,Female,166.213.54.75
345,Agosto,Vize,avize9k@state.gov,Male,43.164.52.217
346,Ron,Beebis,rbeebis9l@example.com,Male,35.213.74.99
347,Haskel,Airlie,hairlie9m@studiopress.com,Male,221.30.136.90
348,Elianora,Cavet,ecavet9n@state.tx.us,Female,106.64.131.124
349,Briggs,Leppard,bleppard9o@ftc.gov,Male,226.19.124.180
350,Arielle,Astall,aastall9p@webmd.com,Female,1.238.230.193
351,Skipper,Basford,sbasford9q@un.org,Male,108.127.62.154
352,Peggy,Girodier,pgirodier9r@businessinsider.com,Female,75.145.104.229
353,Isidoro,O'Reagan,ioreagan9s@army.mil,Male,147.33.116.14
354,Kermy,Honisch,khonisch9t@netvibes.com,Male,106.212.37.72
355,Katherina,Bard,kbard9u@hhs.gov,Female,27.196.173.15
356,Marna,Greeves,mgreeves9v@lycos.com,Female,176.219.3.141
357,Lonnie,Pavolini,lpavolini9w@quantcast.com,Female,45.163.115.222
358,Melvin,Housego,mhousego9x@vkontakte.ru,Male,231.153.248.216
359,Shelby,Shone,sshone9y@biglobe.ne.jp,Male,93.32.202.35
360,Adelaida,Matoshin,amatoshin9z@meetup.com,Female,121.117.4.236
361,Berget,Gianotti,bgianottia0@paypal.com,Female,144.40.50.129
362,Merry,Lightning,mlightninga1@parallels.com,Male,52.62.186.32
363,Donny,Seago,dseagoa2@amazon.co.uk,Male,33.72.212.69
364,Nady,Worland,nworlanda3@squidoo.com,Female,165.240.175.183
365,Clarita,Frondt,cfrondta4@tinypic.com,Female,113.109.29.43
366,Allianora,Iddison,aiddisona5@vk.com,Female,161.167.130.165
367,Minette,McAuliffe,mmcauliffea6@wisc.edu,Female,85.35.143.83
368,Alicia,Goble,agoblea7@shutterfly.com,Female,172.252.136.12
369,Jimmie,Sexti,jsextia8@sourceforge.net,Male,192.193.88.30
370,Marcie,Crowther,mcrowthera9@cmu.edu,Female,80.83.223.41
371,Kerianne,Mongan,kmonganaa@dedecms.com,Female,0.193.172.164
372,Brody,Hazell,bhazellab@umich.edu,Male,61.44.97.34
373,Toni,McFaell,tmcfaellac@ebay.com,Female,191.152.118.21
374,Tommy,Iacopo,tiacopoad@ebay.co.uk,Male,156.157.106.130
375,Sibbie,Airey,saireyae@slashdot.org,Female,209.133.110.46
376,Alisa,Vatcher,avatcheraf@meetup.com,Female,54.12.234.148
377,Flint,Golston,fgolstonag@opensource.org,Male,112.135.252.218
378,Annabell,Lepere,alepereah@globo.com,Female,106.128.228.89
379,Melly,Mullin,mmullinai@intel.com,Female,211.95.145.43
380,Michaeline,Kille,mkilleaj@msn.com,Female,222.217.187.188
381,Cornela,Eisikowitz,ceisikowitzak@miitbeian.gov.cn,Female,186.119.126.101
382,Ida,Baynon,ibaynonal@ihg.com,Female,119.17.211.184
383,Shayne,Trees,streesam@timesonline.co.uk,Female,4.95.95.104
384,Ken,Tedstone,ktedstonean@blogspot.com,Male,37.150.177.25
385,Casi,Izhakov,cizhakovao@istockphoto.com,Female,22.41.117.247
386,Ryann,Klimentov,rklimentovap@canalblog.com,Female,251.185.126.38
387,Dahlia,Beert,dbeertaq@mapquest.com,Female,177.236.106.84
388,Nels,Garraway,ngarrawayar@naver.com,Male,20.50.253.162
389,Cam,Bohling,cbohlingas@wp.com,Female,4.188.56.92
390,Laryssa,Sarjant,lsarjantat@dmoz.org,Female,114.130.123.18
391,Patty,Linder,plinderau@dion.ne.jp,Male,1.173.129.246
392,Mariette,Castagnone,mcastagnoneav@icio.us,Female,187.203.155.108
393,Elisabet,Dwyer,edwyeraw@geocities.jp,Female,227.77.72.60
394,Aurthur,Fidele,afideleax@fc2.com,Male,154.208.237.2
395,Antin,Rawkesby,arawkesbyay@360.cn,Male,123.133.138.52
396,Egon,Hollow,ehollowaz@sogou.com,Male,123.154.209.0
397,Burr,Brewin,bbrewinb0@networkadvertising.org,Male,93.239.71.163
398,Ilaire,Pena,ipenab1@bravesites.com,Male,95.74.120.91
399,Arlen,Lohden,alohdenb2@163.com,Male,103.179.163.236
400,Willy,Robins,wrobinsb3@bbc.co.uk,Male,201.113.228.233
401,Irwinn,Nusche,inuscheb4@histats.com,Male,72.226.198.46
402,Bryce,Helks,bhelksb5@si.edu,Male,254.208.114.205
403,Jan,Antonutti,jantonuttib6@printfriendly.com,Female,239.64.5.79
404,Aurlie,Keston,akestonb7@theguardian.com,Female,247.160.8.19
405,Xylia,Ragsdale,xragsdaleb8@cnbc.com,Female,57.194.89.239
406,Kelsy,O'Hara,koharab9@oakley.com,Female,133.121.91.39
407,Rodney,Cesco,rcescoba@artisteer.com,Male,122.215.6.177
408,Tyler,Cadwaladr,tcadwaladrbb@epa.gov,Male,178.185.167.74
409,Kevon,Consterdine,kconsterdinebc@webeden.co.uk,Male,18.166.168.54
410,Bryana,Cassels,bcasselsbd@skyrock.com,Female,116.163.239.96
411,Maurice,Domleo,mdomleobe@github.io,Male,220.45.161.33
412,Andeee,Lamperd,alamperdbf@dmoz.org,Female,135.43.192.124
413,Carmine,Ferries,cferriesbg@va.gov,Male,104.99.101.6
414,Linoel,Drache,ldrachebh@virginia.edu,Male,0.151.232.163
415,Nev,Kitchingham,nkitchinghambi@google.ca,Male,217.98.171.21
416,Andriette,Lattin,alattinbj@aboutads.info,Female,140.72.153.68
417,Sada,Chattock,schattockbk@example.com,Female,185.56.60.41
418,Nikaniki,Bene,nbenebl@howstuffworks.com,Female,211.209.215.191
419,Cirillo,Daniely,cdanielybm@xrea.com,Male,87.95.120.211
420,Janeen,Colleran,jcolleranbn@hp.com,Female,41.186.124.167
421,Emmaline,Tidridge,etidridgebo@accuweather.com,Female,220.170.13.178
422,Ardra,Madders,amaddersbp@cornell.edu,Female,27.224.185.66
423,Corny,Kirkness,ckirknessbq@github.io,Female,135.219.161.3
424,Munmro,Doghartie,mdoghartiebr@linkedin.com,Male,45.76.145.1
425,Hailey,Goodie,hgoodiebs@github.io,Male,222.59.186.192
426,Yorgos,Auchinleck,yauchinleckbt@tinyurl.com,Male,54.67.224.166
427,Alikee,Derobert,aderobertbu@dagondesign.com,Female,111.251.132.176
428,Aileen,Mabley,amableybv@gnu.org,Female,89.84.171.15
429,Marketa,Got,mgotbw@hp.com,Female,79.182.169.124
430,Pippy,Paxton,ppaxtonbx@booking.com,Female,137.206.92.95
431,Alejandra,Treleven,atrelevenby@seattletimes.com,Female,102.60.172.4
432,Allegra,Wasielewski,awasielewskibz@timesonline.co.uk,Female,142.155.213.32
433,Fabian,Weld,fweldc0@narod.ru,Male,69.3.136.184
434,Camile,Keveren,ckeverenc1@nymag.com,Female,0.180.77.116
435,Bobby,Wynch,bwynchc2@dedecms.com,Female,161.89.51.223
436,Cecil,Dilnot,cdilnotc3@nasa.gov,Male,179.188.125.212
437,Mattheus,Grebbin,mgrebbinc4@washingtonpost.com,Male,255.254.204.88
438,Edward,Castleman,ecastlemanc5@fotki.com,Male,9.161.227.4
439,Faustina,Ingham,finghamc6@google.es,Female,141.117.119.105
440,Adler,Corain,acorainc7@yahoo.co.jp,Male,164.79.45.63
441,Padraig,Tooze,ptoozec8@shutterfly.com,Male,111.95.183.10
442,Melessa,Rounsefull,mrounsefullc9@answers.com,Female,47.71.130.179
443,Yettie,Tremellan,ytremellanca@sohu.com,Female,48.178.93.59
444,Reggie,Goatcher,rgoatchercb@unblog.fr,Female,178.209.73.204
445,Lona,Ensor,lensorcc@reverbnation.com,Female,125.30.12.45
446,Coralyn,Edmans,cedmanscd@joomla.org,Female,53.103.147.229
447,Hinze,Foston,hfostonce@stumbleupon.com,Male,229.32.212.159
448,Annabela,Keoghane,akeoghanecf@ask.com,Female,124.182.122.178
449,Tedmund,Comello,tcomellocg@sun.com,Male,48.199.197.200
450,Patience,Jerrard,pjerrardch@scribd.com,Female,226.13.203.71
451,Julietta,Waszkiewicz,jwaszkiewiczci@friendfeed.com,Female,194.65.183.142
452,Pandora,Yakobowitz,pyakobowitzcj@nationalgeographic.com,Female,179.27.209.31
453,Nerita,Donoghue,ndonoghueck@theguardian.com,Female,68.227.150.50
454,Tabor,Gutcher,tgutchercl@bigcartel.com,Male,101.107.223.114
455,Matias,Hallagan,mhallagancm@statcounter.com,Male,105.84.255.217
456,Bevon,Foreman,bforemancn@shutterfly.com,Male,234.30.160.15
457,Barbe,Urwin,burwinco@samsung.com,Female,123.57.194.187
458,Aubrey,Doll,adollcp@xinhuanet.com,Male,5.68.38.115
459,Janos,Marciskewski,jmarciskewskicq@tumblr.com,Male,107.202.128.215
460,Sonni,Leimster,sleimstercr@cloudflare.com,Female,137.64.176.178
461,Ashlin,MacSween,amacsweencs@wix.com,Male,158.122.140.74
462,Odo,Vasilov,ovasilovct@ehow.com,Male,245.239.48.129
463,Cliff,Geddes,cgeddescu@xing.com,Male,25.225.21.147
464,Pablo,Stonhard,pstonhardcv@dropbox.com,Male,168.184.2.192
465,Fairleigh,Parradice,fparradicecw@sourceforge.net,Male,71.153.89.37
466,Puff,Cotter,pcottercx@va.gov,Male,198.140.56.224
467,Valeria,Mankor,vmankorcy@economist.com,Female,160.110.206.190
468,Orland,Di Bartolommeo,odibartolommeocz@census.gov,Male,237.145.80.116
469,Ephrayim,Gostling,egostlingd0@nsw.gov.au,Male,97.52.130.10
470,Anatole,Ghio,aghiod1@slideshare.net,Male,234.56.125.153
471,Erskine,Senussi,esenussid2@mayoclinic.com,Male,239.110.212.96
472,Rosmunda,Wartonby,rwartonbyd3@newyorker.com,Female,54.197.250.174
473,Marwin,Huntington,mhuntingtond4@about.com,Male,191.3.98.161
474,Ludwig,Simchenko,lsimchenkod5@alexa.com,Male,12.178.170.71
475,Kalil,Brashaw,kbrashawd6@163.com,Male,227.25.139.154
476,Kristine,Eastmond,keastmondd7@nydailynews.com,Female,87.139.103.228
477,Carilyn,Bucktrout,cbucktroutd8@youku.com,Female,241.57.63.41
478,Alexandra,Mulliss,amullissd9@domainmarket.com,Female,159.90.34.184
479,Corey,Schottli,cschottlida@twitpic.com,Male,88.238.73.117
480,Opalina,Vicary,ovicarydb@drupal.org,Female,249.66.131.165
481,Noby,Pibworth,npibworthdc@uiuc.edu,Male,163.44.55.9
482,Dolores,Whitaker,dwhitakerdd@sourceforge.net,Female,198.233.96.73
483,Elizabeth,Attenbrow,eattenbrowde@sohu.com,Female,57.211.47.207
484,Ashby,Slowley,aslowleydf@live.com,Male,186.228.172.57
485,Dorella,Whopples,dwhopplesdg@google.nl,Female,86.116.131.128
486,Gerri,Tomasutti,gtomasuttidh@netscape.com,Male,121.89.5.113
487,Olivier,Robuchon,orobuchondi@dell.com,Male,92.21.18.145
488,Porty,Creggan,pcreggandj@themeforest.net,Male,54.217.252.221
489,Rosina,Dawkes,rdawkesdk@yandex.ru,Female,171.201.158.201
490,Jeremias,Pearsey,jpearseydl@paginegialle.it,Male,204.195.19.95
491,Loralyn,Hazel,lhazeldm@oracle.com,Female,126.105.137.196
492,Hailey,Sexten,hsextendn@nydailynews.com,Male,196.29.42.23
493,Hadleigh,Walczynski,hwalczynskido@kickstarter.com,Male,227.246.196.210
494,Shelton,Bringloe,sbringloedp@e-recht24.de,Male,230.158.222.13
495,Filberte,McGeorge,fmcgeorgedq@bing.com,Male,51.47.135.99
496,Katrina,Yaldren,kyaldrendr@delicious.com,Female,205.252.156.57
497,Grant,Rosenhaus,grosenhausds@liveinternet.ru,Male,171.167.227.18
498,Ariel,Lamont,alamontdt@zdnet.com,Male,174.219.14.107
499,Desiree,Brookfield,dbrookfielddu@cnet.com,Female,248.105.38.13
500,Smith,Lube,slubedv@yellowpages.com,Male,137.183.81.123
501,Shelbi,McKune,smckunedw@spotify.com,Female,166.114.49.110
502,Harmony,Hanhart,hhanhartdx@nsw.gov.au,Female,247.61.129.174
503,Tallie,Kubasiewicz,tkubasiewiczdy@sphinn.com,Female,164.117.45.62
504,Forster,Champain,fchampaindz@histats.com,Male,54.194.136.186
505,Con,Grigorian,cgrigoriane0@de.vu,Male,44.190.67.59
506,Peria,Wyborn,pwyborne1@github.io,Female,239.59.232.14
507,Brandice,Norridge,bnorridgee2@photobucket.com,Female,96.88.178.209
508,Trip,Fuzzey,tfuzzeye3@facebook.com,Male,101.235.67.161
509,Elbertine,Mila,emilae4@slate.com,Female,196.97.242.107
510,Murray,Caccavale,mcaccavalee5@walmart.com,Male,43.210.74.222
511,Ginni,Geany,ggeanye6@csmonitor.com,Female,159.70.17.73
512,Brant,Fulger,bfulgere7@drupal.org,Male,23.76.135.190
513,Dorris,Domek,ddomeke8@weebly.com,Female,107.224.164.233
514,Ferdinanda,Beven,fbevene9@time.com,Female,142.209.235.96
515,Karlik,Powder,kpowderea@archive.org,Male,67.167.119.95
516,Lacy,Wooland,lwoolandeb@ibm.com,Female,193.231.15.69
517,Cindi,Laffling,clafflingec@pen.io,Female,16.181.146.102
518,Frederich,Goldsby,fgoldsbyed@japanpost.jp,Male,111.30.111.226
519,Maure,MacGillacolm,mmacgillacolmee@ucla.edu,Female,182.19.143.167
520,Paton,Confait,pconfaitef@harvard.edu,Male,14.42.63.195
521,Nickolas,Drugan,ndruganeg@cyberchimps.com,Male,82.91.162.129
522,Paulita,Bows,pbowseh@howstuffworks.com,Female,43.213.119.230
523,Janessa,Keunemann,jkeunemannei@nydailynews.com,Female,195.15.86.136
524,Giulio,Bugg,gbuggej@springer.com,Male,201.138.197.121
525,Arleen,Hearnden,ahearndenek@paypal.com,Female,81.11.234.223
526,Feodor,McGruar,fmcgruarel@smh.com.au,Male,124.24.130.115
527,Bibbie,Ellinor,bellinorem@ebay.com,Female,157.204.157.67
528,Aksel,Gowen,agowenen@redcross.org,Male,87.34.184.15
529,Krispin,Core,kcoreeo@bloglines.com,Male,160.59.192.172
530,Pauly,Howsan,phowsanep@icio.us,Female,244.58.119.230
531,Nonnah,Sprade,nspradeeq@51.la,Female,201.216.8.232
532,Virgie,Monni,vmonnier@qq.com,Male,49.164.175.255
533,Muhammad,Sleightholm,msleightholmes@tamu.edu,Male,245.143.58.148
534,Mike,Rief,mriefet@comsenz.com,Male,31.251.52.179
535,Naoma,Nenci,nnencieu@cocolog-nifty.com,Female,35.45.217.170
536,Phillie,O'Fallowne,pofallowneev@bloglovin.com,Female,193.141.16.242
537,Kipp,Snawdon,ksnawdonew@vk.com,Male,108.218.134.17
538,Chelsae,Wickerson,cwickersonex@bravesites.com,Female,20.97.58.77
539,North,Petchell,npetchelley@umich.edu,Male,141.109.129.29
540,Tobin,Zanussii,tzanussiiez@utexas.edu,Male,215.121.139.131
541,Kristoffer,Battershall,kbattershallf0@purevolume.com,Male,187.212.80.29
542,Alis,Hellsdon,ahellsdonf1@meetup.com,Female,193.92.114.22
543,Herrick,Rendbaek,hrendbaekf2@symantec.com,Male,83.80.222.106
544,Shea,Gravatt,sgravattf3@so-net.ne.jp,Female,40.104.0.224
545,Goldy,Blitz,gblitzf4@printfriendly.com,Female,49.155.115.55
546,Rozele,Inge,ringef5@com.com,Female,114.35.84.249
547,Elly,Willoughway,ewilloughwayf6@illinois.edu,Female,18.96.217.155
548,Mike,Daunter,mdaunterf7@shop-pro.jp,Male,48.111.155.40
549,Bekki,Jarvis,bjarvisf8@ning.com,Female,149.28.61.22
550,Donall,Denerley,ddenerleyf9@ftc.gov,Male,157.210.4.233
551,Chandal,Britzius,cbritziusfa@oaic.gov.au,Female,70.111.215.173
552,Sandra,Crosdill,scrosdillfb@wunderground.com,Female,135.217.214.64
553,Adrian,Tarbox,atarboxfc@paypal.com,Male,145.218.235.235
554,Zebulon,Tripean,ztripeanfd@youtube.com,Male,192.160.157.0
555,Janetta,Gelardi,jgelardife@fema.gov,Female,87.159.200.18
556,Jacky,Mansfield,jmansfieldff@studiopress.com,Female,58.119.185.97
557,Merwin,Cearley,mcearleyfg@digg.com,Male,254.214.105.164
558,Colette,Bower,cbowerfh@hhs.gov,Female,7.244.222.129
559,Lisetta,Bote,lbotefi@elpais.com,Female,99.179.188.130
560,Inness,Brazil,ibrazilfj@who.int,Male,91.68.134.12
561,Carlotta,Hillett,chillettfk@ucoz.ru,Female,64.49.74.218
562,Lucita,Mary,lmaryfl@google.co.uk,Female,56.17.189.151
563,Kippar,Lucien,klucienfm@mozilla.org,Male,92.95.26.167
564,Mace,Burleton,mburletonfn@tuttocitta.it,Male,199.68.129.98
565,Jerome,Eggar,jeggarfo@chronoengine.com,Male,17.81.206.157
566,Cathrin,Cockill,ccockillfp@jigsy.com,Female,85.101.103.227
567,Hadleigh,Guyer,hguyerfq@reddit.com,Male,255.201.189.181
568,Linell,D'Emanuele,ldemanuelefr@jugem.jp,Female,78.110.253.64
569,Floris,Huggill,fhuggillfs@fda.gov,Female,41.155.39.141
570,Constantin,Coldicott,ccoldicottft@ask.com,Male,20.85.40.232
571,Stefania,Kubyszek,skubyszekfu@cnet.com,Female,196.181.235.90
572,Lindsay,Woliter,lwoliterfv@usda.gov,Male,207.226.62.55
573,Quill,Bartram,qbartramfw@123-reg.co.uk,Male,181.12.144.233
574,Fredelia,Avrahamov,favrahamovfx@stanford.edu,Female,26.149.137.243
575,Neil,Dominichetti,ndominichettify@nydailynews.com,Male,210.113.228.35
576,Wainwright,O' Molan,womolanfz@w3.org,Male,112.246.204.71
577,Matty,Bellenger,mbellengerg0@usa.gov,Female,178.180.163.103
578,Joaquin,Fallowes,jfallowesg1@facebook.com,Male,239.94.125.86
579,Whitman,Sprigin,wspriging2@over-blog.com,Male,57.93.210.46
580,Elsa,Chetwind,echetwindg3@chron.com,Female,223.214.149.169
581,Jamal,Walles,jwallesg4@dell.com,Male,66.220.117.67
582,Zebulon,Storey,zstoreyg5@live.com,Male,198.10.123.18
583,Kaylee,Caves,kcavesg6@bandcamp.com,Female,32.47.43.128
584,Shelli,Drew-Clifton,sdrewcliftong7@weibo.com,Female,33.23.136.2
585,Jo-anne,Bullin,jbulling8@nasa.gov,Female,71.36.217.237
586,Chic,Meale,cmealeg9@mysql.com,Male,182.245.226.169
587,Mari,Bartel,mbartelga@cbsnews.com,Female,128.127.122.107
588,Eunice,Deedes,edeedesgb@narod.ru,Female,165.186.226.217
589,Ashlie,Deabill,adeabillgc@dot.gov,Female,250.245.241.186
590,Janna,Abramino,jabraminogd@abc.net.au,Female,123.76.130.250
591,Aguie,Broadfield,abroadfieldge@ehow.com,Male,165.45.96.58
592,Alla,Connick,aconnickgf@nyu.edu,Female,246.251.70.210
593,Caryl,Southgate,csouthgategg@census.gov,Male,233.101.43.3
594,Giulio,McVaugh,gmcvaughgh@opera.com,Male,65.104.157.77
595,Hyacinthe,Adamo,hadamogi@amazon.de,Female,89.174.156.253
596,Gavin,Oakley,goakleygj@dailymail.co.uk,Male,116.249.36.209
597,Quinn,Guihen,qguihengk@furl.net,Female,27.112.83.72
598,Stormy,Lowensohn,slowensohngl@php.net,Female,188.226.123.148
599,Holt,Hrycek,hhrycekgm@pen.io,Male,7.168.167.242
600,Rupert,Lapidus,rlapidusgn@deliciousdays.com,Male,46.59.72.241
601,Kaine,Bowfin,kbowfingo@usnews.com,Male,203.170.172.216
602,Karrie,Woodyear,kwoodyeargp@boston.com,Female,221.103.13.24
603,Kayle,Corneliussen,kcorneliussengq@goo.ne.jp,Female,221.240.158.2
604,Eduard,Edmundson,eedmundsongr@buzzfeed.com,Male,169.196.2.62
605,Vite,Domenge,vdomengegs@earthlink.net,Male,200.3.163.176
606,Netty,Bohike,nbohikegt@last.fm,Female,59.243.228.54
607,Fredelia,Swaite,fswaitegu@elegantthemes.com,Female,191.30.251.225
608,Aldrich,MacAindreis,amacaindreisgv@artisteer.com,Male,64.4.9.187
609,Olly,Conningham,oconninghamgw@vkontakte.ru,Female,235.191.56.57
610,Jerad,Buncom,jbuncomgx@businesswire.com,Male,101.103.164.223
611,Terri,Kneeshaw,tkneeshawgy@bizjournals.com,Female,156.69.134.28
612,Zarah,MacGillicuddy,zmacgillicuddygz@stumbleupon.com,Female,182.136.27.108
613,Abbot,Sanford,asanfordh0@squarespace.com,Male,189.71.98.146
614,Randal,Trewhitt,rtrewhitth1@geocities.jp,Male,42.120.117.77
615,Juieta,Collman,jcollmanh2@sakura.ne.jp,Female,215.38.123.181
616,Joela,Myrtle,jmyrtleh3@geocities.jp,Female,61.62.250.132
617,Beatriz,Beswell,bbeswellh4@cnn.com,Female,91.13.78.147
618,Randa,Offiler,roffilerh5@biglobe.ne.jp,Female,121.118.51.160
619,Kayla,Josse,kjosseh6@netscape.com,Female,51.105.31.107
620,Marinna,McKinnon,mmckinnonh7@tuttocitta.it,Female,181.49.228.203
621,Lennard,Melluish,lmelluishh8@theguardian.com,Male,57.28.122.2
622,Emilio,Quant,equanth9@vimeo.com,Male,119.220.102.136
623,Chen,Harriman,charrimanha@phoca.cz,Male,63.221.31.10
624,Erastus,Mattecot,emattecothb@geocities.com,Male,212.157.80.244
625,Gwyneth,Goede,ggoedehc@dropbox.com,Female,206.138.255.217
626,Gypsy,Enrdigo,genrdigohd@guardian.co.uk,Female,35.186.186.224
627,Marcelline,Whittock,mwhittockhe@webs.com,Female,32.58.240.129
628,Abeu,Bulstrode,abulstrodehf@ehow.com,Male,139.238.21.221
629,Mal,Mengo,mmengohg@studiopress.com,Male,176.193.149.184
630,Salaidh,Klauer,sklauerhh@cdc.gov,Female,158.29.217.216
631,Marlo,Shattock,mshattockhi@apache.org,Female,63.181.63.134
632,Karlee,Thebeaud,kthebeaudhj@wordpress.com,Female,16.152.137.254
633,Talbot,Russi,trussihk@aol.com,Male,85.95.55.2
634,Monah,Grzegorecki,mgrzegoreckihl@exblog.jp,Female,127.174.65.130
635,Hugues,Cattrell,hcattrellhm@squarespace.com,Male,4.228.100.211
636,Hailey,Alvy,halvyhn@angelfire.com,Male,240.114.74.111
637,Bibby,Oxburgh,boxburghho@shinystat.com,Female,54.197.85.76
638,Kim,McKelvie,kmckelviehp@usgs.gov,Male,246.60.134.191
639,Kermy,Magnar,kmagnarhq@storify.com,Male,45.139.146.254
640,Juan,Batchley,jbatchleyhr@weibo.com,Male,207.13.4.154
641,Nikita,Nancarrow,nnancarrowhs@mozilla.org,Male,42.168.226.66
642,Urson,Bigglestone,ubigglestoneht@accuweather.com,Male,38.203.151.39
643,Sasha,Sandeman,ssandemanhu@nih.gov,Female,91.133.22.65
644,Kelvin,Rouf,kroufhv@simplemachines.org,Male,237.171.45.237
645,Dewie,Drewet,ddrewethw@gizmodo.com,Male,17.104.246.160
646,Alaster,Duncklee,adunckleehx@narod.ru,Male,207.224.185.45
647,Eleanore,Notti,enottihy@woothemes.com,Female,74.80.200.32
648,Abbey,Chappelle,achappellehz@usgs.gov,Female,47.203.27.143
649,Michelle,Summerell,msummerelli0@github.com,Female,114.23.139.241
650,Aleksandr,Bilbrey,abilbreyi1@telegraph.co.uk,Male,219.38.78.138
651,Jean,Jeromson,jjeromsoni2@diigo.com,Female,177.15.218.219
652,Goldie,Lardeux,glardeuxi3@gizmodo.com,Female,98.165.185.179
653,Fidelia,Cauthra,fcauthrai4@angelfire.com,Female,111.149.38.76
654,Annetta,Woodward,awoodwardi5@washington.edu,Female,65.145.38.220
655,Sydelle,Avramow,savramowi6@cbslocal.com,Female,221.1.166.185
656,Pierce,Aire,pairei7@google.com.au,Male,174.167.187.217
657,Gustavo,Drayson,gdraysoni8@aboutads.info,Male,163.72.53.138
658,Barry,Dyble,bdyblei9@macromedia.com,Male,106.87.0.76
659,Tye,Mount,tmountia@sfgate.com,Male,126.126.196.195
660,Jonathon,Covotti,jcovottiib@guardian.co.uk,Male,2.50.22.138
661,Marisa,Hedden,mheddenic@ed.gov,Female,242.126.130.150
662,Amerigo,Allanby,aallanbyid@columbia.edu,Male,71.73.53.34
663,Angelico,Verrico,averricoie@ehow.com,Male,248.71.1.79
664,Shelby,Kelsell,skelsellif@newsvine.com,Female,7.119.119.22
665,Pavia,Noyes,pnoyesig@fastcompany.com,Female,99.137.247.215
666,Masha,Rulten,mrultenih@state.tx.us,Female,156.86.13.249
667,Rhodie,Scanlan,rscanlanii@answers.com,Female,95.217.0.200
668,Morgan,Sanchez,msanchezij@nationalgeographic.com,Male,32.184.247.73
669,Marin,Koppens,mkoppensik@nyu.edu,Female,215.229.58.132
670,Carley,Lippett,clippettil@ucsd.edu,Female,237.128.191.114
671,Janifer,Fairbrass,jfairbrassim@samsung.com,Female,12.136.169.178
672,Harrison,Shavel,hshavelin@cbsnews.com,Male,127.219.78.106
673,Base,Ruzicka,bruzickaio@yelp.com,Male,138.251.98.153
674,Storm,Crapper,scrapperip@dmoz.org,Female,51.236.194.252
675,Cleopatra,Barrell,cbarrelliq@squarespace.com,Female,190.34.87.195
676,Roddie,Tarquini,rtarquiniir@github.com,Male,175.240.93.166
677,Adrian,Chestnutt,achestnuttis@jalbum.net,Female,24.221.142.41
678,Wendy,Heinke,wheinkeit@networkadvertising.org,Female,237.176.124.160
679,Michal,Cottie,mcottieiu@is.gd,Male,23.136.187.176
680,Werner,Yakubowicz,wyakubowicziv@nps.gov,Male,153.50.55.125
681,Isador,Shoebridge,ishoebridgeiw@amazon.com,Male,144.85.122.153
682,Brannon,Duly,bdulyix@reuters.com,Male,168.232.253.140
683,Mercie,Nisby,mnisbyiy@dell.com,Female,58.172.70.164
684,Baxy,Boom,bboomiz@cloudflare.com,Male,27.54.4.69
685,Mikkel,Kennefick,mkennefickj0@odnoklassniki.ru,Male,197.176.4.66
686,Geordie,Gillani,ggillanij1@epa.gov,Male,75.119.135.57
687,Cherilynn,Olorenshaw,colorenshawj2@miitbeian.gov.cn,Female,46.101.79.176
688,Meier,Ferras,mferrasj3@globo.com,Male,81.228.143.138
689,Mickie,Brayn,mbraynj4@statcounter.com,Female,19.48.202.0
690,Sidonnie,Berridge,sberridgej5@cmu.edu,Female,135.155.76.9
691,Kary,Breede,kbreedej6@fda.gov,Female,166.24.225.10
692,Elwyn,Wreight,ewreightj7@google.ca,Male,55.132.38.127
693,Roland,Grube,rgrubej8@t.co,Male,212.83.205.134
694,Meredithe,Magog,mmagogj9@ehow.com,Female,198.47.178.129
695,Prescott,Jimson,pjimsonja@dedecms.com,Male,184.27.66.190
696,Gussie,Josskovitz,gjosskovitzjb@fastcompany.com,Female,204.251.228.255
697,Diana,Busain,dbusainjc@gravatar.com,Female,41.148.93.182
698,Ric,Ladd,rladdjd@tripod.com,Male,152.41.54.75
699,Filide,Gottelier,fgottelierje@weibo.com,Female,37.118.119.106
700,Christie,Metzig,cmetzigjf@wisc.edu,Female,43.193.250.86
701,Virgilio,Rosendall,vrosendalljg@latimes.com,Male,99.234.214.108
702,Melisse,Burling,mburlingjh@t-online.de,Female,157.205.115.253
703,Stephenie,Chad,schadji@zdnet.com,Female,242.27.72.140
704,Margie,Folomin,mfolominjj@gnu.org,Female,70.238.194.76
705,Phyllys,Barthorpe,pbarthorpejk@sun.com,Female,72.30.147.198
706,Kiah,Corradi,kcorradijl@ning.com,Female,51.161.111.237
707,Randene,McCrea,rmccreajm@dell.com,Female,158.230.204.237
708,Florry,Klulik,fklulikjn@techcrunch.com,Female,90.73.176.234
709,Jephthah,Gallihawk,jgallihawkjo@whitehouse.gov,Male,31.149.34.45
710,Silvano,Ramel,srameljp@themeforest.net,Male,36.145.182.196
711,Rafaello,Gillott,rgillottjq@myspace.com,Male,255.104.116.69
712,Kristen,Dutnell,kdutnelljr@cpanel.net,Female,165.191.35.213
713,Floyd,Grisley,fgrisleyjs@forbes.com,Male,196.138.47.175
714,Kiele,Iacovini,kiacovinijt@wordpress.com,Female,139.28.48.59
715,Cathy,Mouth,cmouthju@moonfruit.com,Female,162.47.5.106
716,Talbot,Chadburn,tchadburnjv@bing.com,Male,237.60.124.148
717,Pinchas,Jaynes,pjaynesjw@w3.org,Male,11.128.42.72
718,Ingaborg,Hrycek,ihrycekjx@joomla.org,Female,162.31.236.233
719,Viki,Wagerfield,vwagerfieldjy@linkedin.com,Female,24.221.117.148
720,Lucais,Winson,lwinsonjz@furl.net,Male,210.243.64.31
721,Hewet,Morhall,hmorhallk0@1und1.de,Male,13.101.247.114
722,Minor,Bims,mbimsk1@miibeian.gov.cn,Male,21.252.197.37
723,Beverly,Consadine,bconsadinek2@bluehost.com,Female,153.75.154.143
724,Cherilynn,Tallon,ctallonk3@ucla.edu,Female,217.87.77.167
725,Cherish,Pettisall,cpettisallk4@scribd.com,Female,185.115.71.3
726,Monroe,Stealey,mstealeyk5@umn.edu,Male,71.173.172.165
727,Rodolfo,Muncer,rmuncerk6@barnesandnoble.com,Male,85.106.15.68
728,Vick,Tireman,vtiremank7@vk.com,Male,18.62.79.8
729,Madlen,Ferretti,mferrettik8@hostgator.com,Female,171.115.56.255
730,Kendall,Penvarne,kpenvarnek9@mozilla.org,Male,162.254.24.5
731,Scott,Lees,sleeska@i2i.jp,Male,231.40.85.22
732,Selie,McGlone,smcglonekb@washington.edu,Female,155.156.238.146
733,Christy,Cannaway,ccannawaykc@dion.ne.jp,Female,248.14.141.149
734,Fleur,Hastings,fhastingskd@privacy.gov.au,Female,95.186.98.124
735,Prissie,Ormiston,pormistonke@mashable.com,Female,200.215.129.142
736,Dalila,Hullah,dhullahkf@posterous.com,Female,209.11.183.90
737,Sophi,Wickman,swickmankg@printfriendly.com,Female,95.19.238.239
738,Huberto,Peele,hpeelekh@marketwatch.com,Male,69.172.101.104
739,Dewitt,Voce,dvoceki@goo.gl,Male,230.115.205.56
740,Brianne,Friedank,bfriedankkj@artisteer.com,Female,114.18.101.196
741,Annaliese,Norton,anortonkk@google.ru,Female,14.212.134.175
742,Derrick,Nash,dnashkl@bigcartel.com,Male,19.134.80.173
743,Gwennie,Tricker,gtrickerkm@unblog.fr,Female,11.107.3.92
744,Goldarina,Caesar,gcaesarkn@gizmodo.com,Female,76.58.60.32
745,Rafaela,Trench,rtrenchko@nasa.gov,Female,18.124.76.74
746,Garrard,Ion,gionkp@washington.edu,Male,50.175.231.120
747,Dominic,Colbertson,dcolbertsonkq@hubpages.com,Male,114.126.135.237
748,Debbi,Conichie,dconichiekr@wisc.edu,Female,225.253.88.160
749,Cirilo,O'Cannovane,cocannovaneks@networkadvertising.org,Male,156.79.44.85
750,Ingrim,Gehrtz,igehrtzkt@trellian.com,Male,195.21.1.189
751,Merrili,McElvine,mmcelvineku@cocolog-nifty.com,Female,104.128.169.157
752,Caro,Haker,chakerkv@clickbank.net,Female,234.12.98.143
753,Feliza,Hudless,fhudlesskw@nationalgeographic.com,Female,140.179.222.6
754,Winni,Schubert,wschubertkx@harvard.edu,Female,94.210.146.114
755,Thomas,Legon,tlegonky@reuters.com,Male,107.210.109.191
756,Eric,O'Driscole,eodriscolekz@timesonline.co.uk,Male,21.200.181.90
757,Ethelbert,Beckles,ebecklesl0@digg.com,Male,174.252.216.150
758,Fanny,Keeltagh,fkeeltaghl1@washingtonpost.com,Female,46.213.197.30
759,Malvina,Icom,micoml2@cyberchimps.com,Female,76.48.110.71
760,Ilyssa,Godley,igodleyl3@networkadvertising.org,Female,55.67.104.215
761,Burgess,Curman,bcurmanl4@nature.com,Male,84.128.236.145
762,Freeland,Knowlden,fknowldenl5@usnews.com,Male,227.55.160.166
763,Lancelot,Huff,lhuffl6@chron.com,Male,248.16.53.78
764,Aindrea,Kyston,akystonl7@nature.com,Female,86.41.60.120
765,Gina,Cyphus,gcyphusl8@sohu.com,Female,77.157.221.65
766,Nata,Libbie,nlibbiel9@live.com,Female,125.148.14.78
767,Devlin,Pusill,dpusillla@va.gov,Male,148.255.45.83
768,Stanleigh,Ducket,sducketlb@geocities.com,Male,82.231.3.180
769,Maisie,Crawford,mcrawfordlc@guardian.co.uk,Female,226.180.9.6
770,Artair,Caselick,acaselickld@squarespace.com,Male,114.196.54.245
771,Meir,Saltern,msalternle@accuweather.com,Male,126.160.138.179
772,Annamaria,Labbey,alabbeylf@cnbc.com,Female,20.145.146.105
773,Zedekiah,Chatain,zchatainlg@wikipedia.org,Male,144.8.146.246
774,Brew,Jados,bjadoslh@psu.edu,Male,236.220.158.121
775,Broderic,Lambarton,blambartonli@miitbeian.gov.cn,Male,61.0.69.179
776,Clotilda,Trawin,ctrawinlj@cdc.gov,Female,233.64.203.8
777,Allyn,Filochov,afilochovlk@surveymonkey.com,Male,182.201.146.41
778,Loutitia,Jakubovicz,ljakuboviczll@washingtonpost.com,Female,245.188.59.12
779,Lorene,Falloon,lfalloonlm@princeton.edu,Female,110.129.104.138
780,Vance,Conor,vconorln@newsvine.com,Male,207.213.50.96
781,Maitilde,Bruna,mbrunalo@google.ru,Female,213.147.45.231
782,Amabelle,Rapinett,arapinettlp@angelfire.com,Female,84.37.44.149
783,Faustina,Jago,fjagolq@columbia.edu,Female,115.165.56.70
784,Christen,Durston,cdurstonlr@businessinsider.com,Female,31.202.122.49
785,Juliann,Aldis,jaldisls@parallels.com,Female,44.105.52.253
786,Maye,Skill,mskilllt@bloglines.com,Female,229.158.6.44
787,Zerk,Knok,zknoklu@illinois.edu,Male,85.249.250.134
788,Zaneta,Stirling,zstirlinglv@infoseek.co.jp,Female,81.32.10.250
789,Nathaniel,Gallon,ngallonlw@census.gov,Male,122.189.174.160
790,Douglas,Geroldini,dgeroldinilx@sciencedirect.com,Male,95.203.67.66
791,Coretta,Rudyard,crudyardly@privacy.gov.au,Female,153.129.14.186
792,Joel,Imore,jimorelz@yelp.com,Male,67.150.181.162
793,Denny,Vinick,dvinickm0@cmu.edu,Male,28.113.51.86
794,Allissa,Orritt,aorrittm1@meetup.com,Female,212.157.12.252
795,Micheline,Shakespear,mshakespearm2@typepad.com,Female,146.112.63.53
796,Gunther,Huie,ghuiem3@engadget.com,Male,241.118.48.199
797,Debra,Vaz,dvazm4@domainmarket.com,Female,245.205.110.137
798,Leila,Carman,lcarmanm5@diigo.com,Female,192.68.72.148
799,Farra,Kembery,fkemberym6@usa.gov,Female,228.36.223.19
800,Culley,Broinlich,cbroinlichm7@networksolutions.com,Male,72.23.228.240
801,Olimpia,Elsley,oelsleym8@china.com.cn,Female,139.42.49.191
802,Andre,Hamper,ahamperm9@buzzfeed.com,Male,252.167.144.105
803,Annelise,Gianneschi,agianneschima@networksolutions.com,Female,174.180.169.132
804,Yvon,Andrysek,yandrysekmb@sbwire.com,Male,118.244.27.0
805,Vittoria,Collet,vcolletmc@wikimedia.org,Female,140.125.181.239
806,Camila,Adamthwaite,cadamthwaitemd@cnn.com,Female,74.89.18.5
807,Teddie,Hammerman,thammermanme@chronoengine.com,Female,116.232.191.55
808,Lukas,Krishtopaittis,lkrishtopaittismf@reverbnation.com,Male,172.97.150.222
809,Aeriell,Fotherby,afotherbymg@drupal.org,Female,143.173.129.162
810,Portia,Dolden,pdoldenmh@ucsd.edu,Female,9.217.67.205
811,Jeremias,McIntosh,jmcintoshmi@wordpress.org,Male,244.53.106.139
812,Jenica,Chettle,jchettlemj@intel.com,Female,75.78.151.195
813,Dianne,Canto,dcantomk@technorati.com,Female,34.44.106.224
814,Marilyn,Entreis,mentreisml@furl.net,Female,249.253.153.157
815,Konstantine,Tacker,ktackermm@istockphoto.com,Male,24.112.205.241
816,Hoyt,Gabbatt,hgabbattmn@geocities.com,Male,120.11.11.103
817,Marven,Jimenez,mjimenezmo@dropbox.com,Male,160.109.172.131
818,Dion,Valasek,dvalasekmp@desdev.cn,Male,175.48.21.170
819,Hillyer,Halse,hhalsemq@free.fr,Male,167.205.177.158
820,Maure,Redihalgh,mredihalghmr@technorati.com,Female,187.12.98.73
821,Charlton,Saben,csabenms@java.com,Male,3.236.132.246
822,Brew,Sturror,bsturrormt@ed.gov,Male,37.79.168.247
823,Marion,Kennford,mkennfordmu@oracle.com,Female,157.44.242.206
824,Stephani,Azam,sazammv@comcast.net,Female,97.207.63.178
825,Shelbi,Maggs,smaggsmw@geocities.com,Female,120.210.40.108
826,Leyla,Quarton,lquartonmx@icio.us,Female,27.46.121.145
827,Morie,Pawelek,mpawelekmy@skype.com,Male,185.24.131.5
828,Ikey,Topping,itoppingmz@nps.gov,Male,155.250.234.153
829,Janka,Heardman,jheardmann0@sphinn.com,Female,101.116.10.251
830,Bren,Dinnis,bdinnisn1@feedburner.com,Female,2.34.4.219
831,Elizabet,Barnsley,ebarnsleyn2@livejournal.com,Female,85.135.235.77
832,Michale,Bethune,mbethunen3@unblog.fr,Male,227.186.243.122
833,Rowney,Titchard,rtitchardn4@buzzfeed.com,Male,189.23.41.119
834,Juanita,Roggerone,jroggeronen5@scribd.com,Female,55.246.210.133
835,Addie,Danjoie,adanjoien6@ustream.tv,Male,108.31.192.213
836,Pooh,Markie,pmarkien7@blogtalkradio.com,Female,180.57.130.167
837,Meggi,Sisneros,msisnerosn8@phoca.cz,Female,254.102.246.9
838,Niko,Brecknock,nbrecknockn9@stanford.edu,Male,244.179.226.37
839,Asa,Croose,acroosena@livejournal.com,Male,218.252.77.4
840,Beau,Barnham,bbarnhamnb@angelfire.com,Male,11.232.250.169
841,Aundrea,Kuhnert,akuhnertnc@latimes.com,Female,107.63.207.97
842,Claiborne,Paver,cpavernd@is.gd,Male,73.126.222.8
843,Tallia,Gilliard,tgilliardne@narod.ru,Female,128.121.222.150
844,Arney,Sandell,asandellnf@tinypic.com,Male,88.39.141.147
845,Barr,Ruttgers,bruttgersng@google.fr,Male,151.109.111.233
846,Darbie,Brower,dbrowernh@thetimes.co.uk,Female,66.48.47.68
847,Sherie,Berridge,sberridgeni@toplist.cz,Female,148.58.141.202
848,Roobbie,Maddison,rmaddisonnj@bluehost.com,Female,62.172.227.130
849,Claire,Punter,cpunternk@deviantart.com,Female,143.0.238.102
850,Clyve,Riddel,criddelnl@oracle.com,Male,149.103.44.39
851,Stevana,Matzaitis,smatzaitisnm@mail.ru,Female,106.238.224.251
852,Clayborne,Sprowell,csprowellnn@businesswire.com,Male,123.121.5.99
853,Mar,Cherry,mcherryno@unicef.org,Male,140.172.52.74
854,Joly,Staite,jstaitenp@google.cn,Female,185.20.176.202
855,Alisa,Sydes,asydesnq@forbes.com,Female,240.95.3.73
856,Salomon,Clapham,sclaphamnr@amazon.co.uk,Male,199.182.189.192
857,Garland,Clelland,gclellandns@bing.com,Female,173.46.57.68
858,Whit,Boat,wboatnt@msn.com,Male,151.149.112.119
859,Vachel,Kingscote,vkingscotenu@cpanel.net,Male,150.117.217.27
860,Rolph,Denson,rdensonnv@alibaba.com,Male,169.231.240.82
861,Luelle,Treanor,ltreanornw@answers.com,Female,11.135.247.86
862,Sylvester,Reddle,sreddlenx@goo.ne.jp,Male,222.178.154.12
863,Ibby,Skaife d'Ingerthorpe,iskaifedingerthorpeny@meetup.com,Female,39.180.218.246
864,Lovell,Kellick,lkellicknz@google.com.au,Male,31.2.153.23
865,Isacco,Tredgold,itredgoldo0@princeton.edu,Male,15.95.50.8
866,Luciana,Blomefield,lblomefieldo1@devhub.com,Female,217.166.81.238
867,Ludwig,Ascrofte,lascrofteo2@facebook.com,Male,210.114.102.218
868,Hubert,Digby,hdigbyo3@sciencedaily.com,Male,21.248.82.81
869,Bronson,Goldhill,bgoldhillo4@infoseek.co.jp,Male,131.121.64.166
870,Netty,Tippett,ntippetto5@technorati.com,Female,223.148.160.205
871,Wyatt,Boarleyson,wboarleysono6@networkadvertising.org,Male,162.117.175.215
872,Mortie,Gore,mgoreo7@blogger.com,Male,55.138.129.206
873,Blanca,Andreichik,bandreichiko8@newsvine.com,Female,173.218.105.41
874,Nickie,Cuncarr,ncuncarro9@shinystat.com,Female,79.230.76.122
875,Daniela,Castelletti,dcastellettioa@kickstarter.com,Female,95.89.220.135
876,Lorianna,Bramo,lbramoob@cbslocal.com,Female,51.22.121.47
877,Sigismond,Faas,sfaasoc@bing.com,Male,83.28.109.175
878,Dallis,Van den Velde,dvandenveldeod@discovery.com,Male,246.34.139.77
879,Rickard,MacGlory,rmacgloryoe@virginia.edu,Male,212.48.175.158
880,Reinhard,Ogger,roggerof@t-online.de,Male,11.4.123.186
881,Tab,Ace,taceog@sakura.ne.jp,Male,212.187.153.107
882,Amber,Hounsome,ahounsomeoh@theatlantic.com,Female,206.72.55.68
883,Friederike,Moreno,fmorenooi@imageshack.us,Female,232.75.44.165
884,Jewel,Sneden,jsnedenoj@nifty.com,Female,223.201.7.61
885,Roseline,Vine,rvineok@ucla.edu,Female,197.158.2.85
886,Helen,Longlands,hlonglandsol@washingtonpost.com,Female,219.170.59.159
887,Cleveland,Jaquet,cjaquetom@yale.edu,Male,138.208.239.223
888,Ches,Roskeilly,croskeillyon@webmd.com,Male,2.12.18.215
889,Riva,Willbourne,rwillbourneoo@noaa.gov,Female,35.171.235.210
890,Eadith,Tumasian,etumasianop@ovh.net,Female,89.246.168.173
891,Sterling,Lattos,slattosoq@elpais.com,Male,2.176.5.28
892,Tommy,Adanez,tadanezor@pagesperso-orange.fr,Male,87.243.164.178
893,Lorettalorna,Gleeton,lgleetonos@addtoany.com,Female,34.7.8.101
894,Paulie,Sidwell,psidwellot@webeden.co.uk,Male,118.153.9.21
895,Milton,Clery,mcleryou@gravatar.com,Male,205.115.179.237
896,Susette,Teece,steeceov@noaa.gov,Female,163.41.37.23
897,Payton,Linnock,plinnockow@oracle.com,Male,34.32.53.178
898,Jase,Canning,jcanningox@rediff.com,Male,219.42.75.34
899,Demetri,Beardshaw,dbeardshawoy@sfgate.com,Male,84.9.152.181
900,Colette,Grishmanov,cgrishmanovoz@pagesperso-orange.fr,Female,209.227.246.245
901,Hayden,Dealy,hdealyp0@google.co.jp,Male,224.249.231.222
902,Garwin,Kisbey,gkisbeyp1@nydailynews.com,Male,181.197.151.135
903,Fayette,Hugk,fhugkp2@google.co.uk,Female,227.45.218.6
904,Farr,Talmadge,ftalmadgep3@surveymonkey.com,Male,217.21.97.89
905,Jena,Guye,jguyep4@google.co.uk,Female,192.234.118.49
906,Nicky,Robrose,nrobrosep5@senate.gov,Male,64.6.76.205
907,Silvanus,Romaines,sromainesp6@webmd.com,Male,43.55.233.120
908,Lilas,Stallard,lstallardp7@walmart.com,Female,1.46.133.142
909,Nedi,Ebbles,nebblesp8@paginegialle.it,Female,246.21.196.86
910,Marcelo,Parnell,mparnellp9@bizjournals.com,Male,193.15.87.26
911,Forrest,Mattessen,fmattessenpa@jimdo.com,Male,101.144.254.68
912,Aeriela,Gimbrett,agimbrettpb@kickstarter.com,Female,248.136.46.71
913,Anette,Styant,astyantpc@discuz.net,Female,187.239.129.89
914,Madalena,Steljes,msteljespd@msu.edu,Female,243.10.228.143
915,Nicolette,McGettrick,nmcgettrickpe@berkeley.edu,Female,162.149.140.196
916,Marthe,Frogley,mfrogleypf@ustream.tv,Female,179.6.107.49
917,Grannie,Prestidge,gprestidgepg@posterous.com,Male,162.242.172.210
918,Hazlett,Biskup,hbiskupph@infoseek.co.jp,Male,248.166.251.47
919,Ema,Pavlata,epavlatapi@dmoz.org,Female,158.51.135.249
920,Max,Ager,magerpj@ebay.co.uk,Male,100.193.6.68
921,Brianne,Scandrick,bscandrickpk@altervista.org,Female,190.123.29.198
922,Nissy,Dingwall,ndingwallpl@hc360.com,Female,67.40.102.122
923,Pasquale,McEntagart,pmcentagartpm@seattletimes.com,Male,131.178.13.183
924,Danit,Vassar,dvassarpn@1688.com,Female,3.133.39.40
925,Cullie,Dmisek,cdmisekpo@cdc.gov,Male,16.39.74.106
926,Jilly,Glynn,jglynnpp@goodreads.com,Female,65.116.137.33
927,Rob,Stedmond,rstedmondpq@t-online.de,Male,174.79.194.63
928,Jose,Zolini,jzolinipr@i2i.jp,Male,142.206.134.89
929,Auberta,Claffey,aclaffeyps@opera.com,Female,238.49.208.39
930,Krista,Skate,kskatept@miibeian.gov.cn,Female,188.25.116.72
931,Matty,Ruane,mruanepu@list-manage.com,Female,223.75.9.181
932,Kippie,Cressingham,kcressinghampv@walmart.com,Male,173.189.98.170
933,Bartholomew,Sollitt,bsollittpw@posterous.com,Male,31.187.142.236
934,Ash,Caselick,acaselickpx@comcast.net,Male,179.148.187.199
935,Truman,Dearnley,tdearnleypy@mysql.com,Male,209.174.175.248
936,Rory,Leile,rleilepz@cbslocal.com,Male,174.136.111.174
937,Margarita,Cardozo,mcardozoq0@amazon.com,Female,112.132.238.35
938,Filmore,Sloane,fsloaneq1@bloglines.com,Male,38.67.113.22
939,Morgun,Gommowe,mgommoweq2@ucoz.com,Male,157.234.21.59
940,Reagen,Checo,rchecoq3@delicious.com,Male,167.80.242.107
941,Herold,Ratnage,hratnageq4@storify.com,Male,49.200.31.111
942,Hew,Semken,hsemkenq5@gov.uk,Male,196.42.58.169
943,Bernadene,Leguay,bleguayq6@geocities.com,Female,66.74.222.200
944,Hesther,Houlison,hhoulisonq7@boston.com,Female,5.110.34.29
945,Braden,Hawk,bhawkq8@noaa.gov,Male,248.151.33.90
946,Brennan,Yorkston,byorkstonq9@engadget.com,Male,204.185.3.211
947,Merrily,Leys,mleysqa@examiner.com,Female,88.120.12.30
948,Caria,Rubinovitsch,crubinovitschqb@cnn.com,Female,212.212.121.50
949,Cristen,Figin,cfiginqc@paginegialle.it,Female,227.200.14.96
950,Zed,Mollen,zmollenqd@icq.com,Male,179.194.85.142
951,Cullin,Sergison,csergisonqe@cmu.edu,Male,200.60.75.13
952,Blake,Jehan,bjehanqf@creativecommons.org,Female,37.123.114.140
953,Carita,Lodo,clodoqg@baidu.com,Female,126.0.12.39
954,Clive,Roblett,croblettqh@senate.gov,Male,149.125.196.173
955,Enrica,Andrez,eandrezqi@uiuc.edu,Female,68.87.120.92
956,Ardella,Beams,abeamsqj@hud.gov,Female,207.43.198.119
957,Iggy,Andrejs,iandrejsqk@angelfire.com,Male,172.223.32.95
958,Vi,Pheasey,vpheaseyql@vkontakte.ru,Female,38.78.137.115
959,Prent,Maudlen,pmaudlenqm@squarespace.com,Male,4.228.251.168
960,Joni,Goor,jgoorqn@ca.gov,Female,154.246.244.110
961,Costa,Chismon,cchismonqo@histats.com,Male,49.33.139.254
962,Bathsheba,McNiven,bmcnivenqp@dot.gov,Female,231.241.77.100
963,Derron,Bryenton,dbryentonqq@gmpg.org,Male,160.0.185.165
964,Efrem,Hedingham,ehedinghamqr@home.pl,Male,166.241.237.112
965,Leisha,Piddletown,lpiddletownqs@economist.com,Female,228.168.212.148
966,Barthel,Mougin,bmouginqt@hud.gov,Male,0.64.29.245
967,Christen,Robertazzi,crobertazziqu@blogger.com,Female,209.210.243.15
968,Chrysler,Fairnington,cfairningtonqv@businesswire.com,Female,59.228.162.92
969,Terrence,Karpol,tkarpolqw@godaddy.com,Male,253.187.79.171
970,Mervin,Danahar,mdanaharqx@meetup.com,Male,184.30.238.95
971,Towney,Mongeot,tmongeotqy@geocities.jp,Male,83.201.15.225
972,Dilly,Adanez,dadanezqz@wordpress.com,Male,208.18.36.56
973,Evelin,Bolin,ebolinr0@blogger.com,Male,47.90.45.137
974,Skelly,Folshom,sfolshomr1@lycos.com,Male,103.128.57.40
975,Dee,Tommis,dtommisr2@zdnet.com,Female,169.35.42.85
976,Ninnetta,Eckels,neckelsr3@gov.uk,Female,234.224.112.124
977,Felice,Denton,fdentonr4@vinaora.com,Male,36.141.237.91
978,Matthew,Conkey,mconkeyr5@usa.gov,Male,19.164.179.60
979,Avis,Slowley,aslowleyr6@ifeng.com,Female,202.109.106.114
980,Marcello,Leechman,mleechmanr7@ow.ly,Male,16.168.198.178
981,Dolly,Benet,dbenetr8@cloudflare.com,Female,233.245.8.232
982,Kally,Doerffer,kdoerfferr9@biglobe.ne.jp,Female,109.242.148.58
983,Layton,Gudahy,lgudahyra@alibaba.com,Male,163.3.237.34
984,Rhianon,Parslow,rparslowrb@nasa.gov,Female,239.94.120.158
985,Adah,Braniff,abraniffrc@shareasale.com,Female,238.184.93.210
986,Pansy,Inker,pinkerrd@deliciousdays.com,Female,115.215.214.153
987,Hillery,Mattiato,hmattiatore@miibeian.gov.cn,Male,29.76.220.2
988,Vincenz,Macon,vmaconrf@netlog.com,Male,218.77.199.46
989,Dulsea,Brundle,dbrundlerg@dagondesign.com,Female,170.180.112.208
990,Rosabella,Lambard,rlambardrh@typepad.com,Female,100.29.141.43
991,Cale,Gamlen,cgamlenri@hexun.com,Male,200.182.33.137
992,Anjanette,Sibbit,asibbitrj@engadget.com,Female,17.204.250.245
993,Sheelah,Willment,swillmentrk@uiuc.edu,Female,218.76.190.170
994,Corny,Turbill,cturbillrl@simplemachines.org,Female,58.180.169.173
995,Rice,Gatlin,rgatlinrm@discuz.net,Male,86.216.73.211
996,Dorolisa,Swadden,dswaddenrn@wordpress.com,Female,122.37.226.26
997,Fredi,Paul,fpaulro@webeden.co.uk,Female,207.24.200.64
998,Grace,Shorton,gshortonrp@prweb.com,Male,62.129.210.215
999,Orbadiah,Serjent,oserjentrq@mapy.cz,Male,130.226.147.106
1000,Wally,O'Teague,woteaguerr@alibaba.com,Male,88.105.121.216
